Área;Casos desnutrición aguda (moderada severa);Proporción desnutrición aguda (moderada severa);Casos Retraso en talla;Proporción Retraso en talla;Casos desnutrición global;Proporción desnutrición global;Casos Exceso de peso;Proporción exceso de peso;Total población ;Año
Usaquén;314;5,0;1298;20,7;552;8,8;351;5,6;6267;2005
Chapinero;135;5,9;388;16,8;200;8,7;80;3,5;2304;2005
Santa Fe;120;5,2;531;22,9;257;11,1;124;5,3;2318;2005
San Cristóbal;524;6,4;1660;20,3;872;10,7;391;4,8;8168;2005
Usme;789;7,1;2328;21;1082;9,8;650;5,9;11066;2005
Tunjuelito;243;5,6;709;16,4;389;9;188;4,3;4325;2005
Bosa;537;7,1;1107;14,6;648;8,6;322;4,3;7576;2005
Kennedy;635;6,4;1347;13,7;799;8,1;448;4,6;9845;2005
Fontibón;608;12;599;11,8;364;7,2;215;4,2;5066;2005
Engativá;552;5,5;1411;14,2;739;7,4;510;5,1;9952;2005
Suba;415;6,4;901;13,9;494;7,6;241;3,7;6465;2005
Barrios Unidos;112;5,3;242;11,6;144;6,9;59;2,8;2094;2005
Teusaquillo;112;6,6;203;12;127;7,5;48;2,8;1693;2005
Los Mártires;106;6,2;275;16;167;9,7;81;4,7;1720;2005
Antonio Nariño;72;6,5;125;11,3;73;6,6;48;4,4;1102;2005
Puente Aranda;254;6,1;460;11,1;298;7,2;193;4,6;4154;2005
Candelaria;123;8,3;292;19,8;149;10,1;71;4,8;1477;2005
Rafael Uribe Uribe;263;7,4;608;17;336;9,4;224;6,3;3570;2005
Ciudad Bolívar;652;7,4;1722;19,5;1001;11,3;386;4,4;8850;2005
Sumapaz;17;6,2;63;22,9;26;9,5;26;9,5;275;2005
Distrito;9485;7,1;22651;16,9;12239;9,1;6603;4,9;134146;2005
Usaquén;425;6,5;1154;17,6;541;8,2;365;5,6;6562;2006
Chapinero;126;8,4;201;13,4;123;8,2;51;3,4;1501;2006
Santa Fe;155;7,3;439;20,6;239;11,2;118;5,5;2133;2006
San Cristóbal;619;7,7;1554;19,4;825;10,3;414;5,2;8030;2006
Usme;873;7,2;2576;21,4;1219;10,1;702;5,8;12060;2006
Tunjuelito;212;5;629;14,9;279;6,6;260;6,2;4211;2006
Bosa;852;6,7;1879;14,9;1076;8,5;579;4,6;12623;2006
Kennedy;678;7;1161;12;716;7,4;417;4,3;9636;2006
Fontibón;395;11;385;10,7;224;6,2;149;4,1;3606;2006
Engativá;475;7;964;14,1;566;8,3;321;4,7;6820;2006
Suba;821;6,6;1939;15,6;1034;8,3;544;4,4;12417;2006
Barrios Unidos;52;4,5;143;12,5;75;6,5;51;4,5;1146;2006
Teusaquillo;27;5;50;9,2;31;5,7;23;4,2;543;2006
Los Mártires;90;9,1;163;16,4;114;11,5;47;4,7;991;2006
Antonio Nariño;65;7,6;159;18,7;83;9,7;53;6,2;852;2006
Puente Aranda;148;6,3;231;9,9;136;5,8;100;4,3;2333;2006
Candelaria;60;7;143;16,8;86;10,1;35;4,1;852;2006
Rafael Uribe Uribe;794;8,3;1684;17,7;988;10,4;561;5,9;9525;2006
Ciudad Bolívar;886;7;2476;19,7;1276;10,1;617;4,9;12576;2006
Sumapaz;35;9,4;64;17,2;40;10,7;24;6,4;373;2006
Distrito;8200;7,2;18843;16,5;10115;8,9;5706;5;113865;2006
Usaquén;353;5,5;1244;19,4;508;7,9;463;7,2;6409;2007
Chapinero;74;6;161;13;89;7,2;67;5,4;1235;2007
Santa Fe;169;7,2;513;21,8;250;10,6;142;6;2357;2007
San Cristóbal;798;8,2;1929;19,9;1190;12,3;486;5;9712;2007
Usme;834;6,5;2498;19,5;1120;8,8;784;6,1;12797;2007
Tunjuelito;210;5,8;566;15,6;256;7,1;280;7,7;3617;2007
Bosa;810;6,7;2008;16,6;976;8,1;595;4,9;12078;2007
Kennedy;833;5,9;1828;13;1015;7,2;517;3,7;14093;2007
Fontibón;267;6,9;534;13,8;277;7,1;256;6,6;3880;2007
Engativá;536;6,6;1070;13,2;586;7,3;454;5,6;8078;2007
Suba;787;5,7;2105;15,3;975;7,1;674;4,9;13743;2007
Barrios Unidos;46;5,1;106;11,7;62;6,8;39;4,3;908;2007
Teusaquillo;54;7,4;78;10,6;59;8;35;4,8;734;2007
Los Mártires;49;5,2;179;19,2;86;9,2;54;5,8;934;2007
Antonio Nariño;97;7,9;190;15,4;120;9,8;74;6;1230;2007
Puente Aranda;151;5,3;284;10;170;6;101;3,6;2834;2007
Candelaria;81;6,7;233;19,3;109;9;67;5,6;1205;2007
Rafael Uribe Uribe;880;7,9;2040;18,3;1123;10,1;666;6;11137;2007
Ciudad Bolívar;670;5,8;2130;18,5;1075;9,3;563;4,9;11532;2007
Sumapaz;19;5,2;60;16,4;29;7,9;42;11,5;365;2007
Distrito;8181;6,6;20679;16,6;10596;8,5;6707;5,4;124568;2007
Usaquén;356;5,1;1221;17,4;540;7,7;395;5,6;7001;2008
Chapinero;87;6;249;17,1;157;10,8;71;4,9;1454;2008
Santa Fe;121;5;513;21,3;221;9,2;150;6,2;2410;2008
San Cristóbal;603;6,5;2008;21,5;964;10,3;522;5,6;9335;2008
Usme;601;5,3;2269;20;962;8,5;651;5,7;11337;2008
Tunjuelito;213;5,5;690;17,9;332;8,6;272;7,1;3852;2008
Bosa;954;6,6;2264;15,7;1082;7,5;753;5,2;14459;2008
Kennedy;917;5,5;2124;12,7;1117;6,7;738;4,4;16676;2008
Fontibón;224;5;645;14,4;288;6,4;247;5,5;4481;2008
Engativá;504;5,7;1261;14,4;615;7;455;5,2;8767;2008
Suba;1055;6,4;2425;14,6;1292;7,8;829;5;16579;2008
Barrios Unidos;83;6,2;194;14,5;112;8,4;58;4,3;1334;2008
Teusaquillo;61;7,7;95;12;63;7,9;28;3,5;794;2008
Los Mártires;49;5,1;177;18,3;85;8,8;57;5,9;969;2008
Antonio Nariño;63;6,2;211;20,7;101;9,9;69;6,8;1019;2008
Puente Aranda;173;5,3;419;12,9;229;7;142;4,4;3257;2008
Candelaria;48;3,9;240;19,4;114;9,2;72;5,8;1237;2008
Rafael Uribe Uribe;735;7,4;2309;23,2;1275;12,8;626;6,3;9932;2008
Ciudad Bolívar;685;4,8;2688;18,9;1179;8,3;756;5,3;14188;2008
Sumapaz;15;4,9;65;21,4;19;6,3;29;9,5;304;2008
Distrito;7849;5,9;22793;17,1;11179;8,4;7140;5,3;133470;2008
Usaquén;390;5,7;1172;17;526;7,6;462;6,7;6886;2009
Chapinero;108;6,7;263;16,3;134;8,3;83;5,1;1617;2009
Santa Fe;178;5,3;759;22,7;360;10,8;174;5,2;3339;2009
San Cristóbal;542;5,6;1960;20,2;972;10;522;5,4;9689;2009
Usme;587;5,2;2097;18,8;932;8,3;579;5,2;11184;2009
Tunjuelito;190;5,2;618;16,9;319;8,7;206;5,6;3657;2009
Bosa;1125;6,4;2806;15,8;1387;7,8;1015;5,7;17713;2009
Kennedy;900;5;2307;12,8;1173;6,5;831;4,6;18049;2009
Fontibón;392;6;875;13,4;496;7,6;399;6,1;6521;2009
Engativá;543;5;1426;13,1;800;7,3;538;4,9;10899;2009
Suba;1414;6,4;3186;14,5;1629;7,4;1137;5,2;22047;2009
Barrios Unidos;62;5,4;146;12,7;75;6,5;49;4,3;1150;2009
Teusaquillo;58;6,9;111;13,2;74;8,8;34;4;841;2009
Los Mártires;86;6,9;200;15,9;109;8,7;53;4,2;1254;2009
Antonio Nariño;81;6,8;183;15,3;111;9,3;69;5,8;1199;2009
Puente Aranda;170;4,6;469;12,7;249;6,7;157;4,2;3705;2009
Candelaria;52;5,3;213;21,7;102;10,4;53;5,4;983;2009
Rafael Uribe Uribe;449;6,6;1205;17,6;640;9,3;378;5,5;6852;2009
Ciudad Bolívar;775;4,2;3542;19;1427;7,7;993;5,3;18607;2009
Sumapaz;23;8,6;51;19,2;21;7,9;28;10,5;266;2009
Distrito;8617;5,7;24410;16;12011;7,9;8034;5,3;152358;2009
Usaquén;433;5,3;1240;15,2;591;7,2;385;4,7;8168;2010
Chapinero;85;4;317;14,8;160;7,5;98;4,6;2135;2010
Santa Fe;161;3,7;852;19,5;364;8,3;232;5,3;4369;2010
San Cristóbal;491;4,7;2045;19,5;942;9;537;5,1;10479;2010
Usme;518;4,2;2157;17,6;907;7,4;654;5,3;12250;2010
Tunjuelito;181;4,9;519;14,1;301;8,2;198;5,4;3671;2010
Bosa;1143;5,6;2909;14,3;1432;7;1009;5;20364;2010
Kennedy;735;4,4;2090;12,4;1020;6,1;724;4,3;16811;2010
Fontibón;337;5;773;11,6;434;6,5;431;6,5;6679;2010
Engativá;643;4,9;1534;11,6;852;6,4;570;4,3;13250;2010
Suba;1179;4,8;3321;13,5;1563;6,3;1272;5,2;24654;2010
Barrios Unidos;82;5;210;12,9;123;7,5;91;5,6;1630;2010
Teusaquillo;44;4,2;102;9,8;60;5,8;48;4,6;1036;2010
Los Mártires;61;5,7;137;12,9;84;7,9;36;3,4;1065;2010
Antonio Nariño;65;4,5;188;13;109;7,6;77;5,3;1443;2010
Puente Aranda;132;3,8;371;10,6;180;5,1;166;4,7;3503;2010
Candelaria;31;3,7;114;13,6;66;7,8;30;3,6;841;2010
Rafael Uribe Uribe;373;5;1191;15,9;647;8,6;388;5,2;7482;2010
Ciudad Bolívar;584;3,6;3033;18,4;1166;7,1;819;5;16450;2010
Sumapaz;12;5,7;39;18,4;19;9;16;7,5;212;2010
Distrito;7659;4,8;23789;14,8;11407;7,1;7995;5;161172;2010
Usaquén;338;4,4;1146;15,1;505;6,6;342;4,5;7612;2011
Chapinero;81;4,1;260;13,2;130;6,6;72;3,6;1975;2011
Santa Fe;132;4;596;18,2;233;7,1;191;5,8;3280;2011
San Cristóbal;533;4,7;1875;16,5;983;8,6;477;4,2;11385;2011
Usme;544;4,5;2070;17,2;831;6,9;697;5,8;12020;2011
Tunjuelito;156;4,4;550;15,6;326;9,2;163;4,6;3531;2011
Bosa;1066;5;2722;12,8;1307;6,2;932;4,4;21218;2011
Kennedy;848;4,2;2274;11,3;1130;5,6;873;4,3;20200;2011
Fontibón;265;4,3;666;10,7;306;4,9;402;6,5;6202;2011
Engativá;551;4,4;1440;11,5;783;6,3;550;4,4;12474;2011
Suba;1057;4,4;2898;12;1423;5,9;1035;4,3;24149;2011
Barrios Unidos;64;4,1;175;11,2;105;6,7;58;3,7;1562;2011
Teusaquillo;42;4,7;86;9,6;71;8;43;4,8;893;2011
Los Mártires;68;4,2;258;16;113;7;85;5,3;1617;2011
Antonio Nariño;93;5,7;231;14;116;7;77;4,7;1646;2011
Puente Aranda;181;4;481;10,7;242;5,4;205;4,6;4501;2011
Candelaria;43;2,8;272;17,6;109;7,1;86;5,6;1545;2011
Rafael Uribe Uribe;513;6,2;1269;15,4;693;8,4;441;5,3;8250;2011
Ciudad Bolívar;632;4,5;2500;17,8;1108;7,9;713;5,1;14060;2011
Sumapaz;7;3,7;32;16,8;10;5,3;21;11,1;190;2011
Distrito;7499;4,6;22421;13,8;10910;6,7;7640;4,7;163043;2011
Usaquén;330;4,2;1281;16,1;578;7,3;436;5,5;7951;2012
Chapinero;81;3,7;271;12,5;129;5,9;89;4,1;2172;2012
Santa Fe;115;3,6;567;17,9;217;6,8;156;4,9;3171;2012
San Cristóbal;465;4,8;1647;17,1;872;9,1;388;4;9631;2012
Usme;455;4,5;1806;17,8;703;6,9;687;6,8;10169;2012
Tunjuelito;133;3,5;546;14,5;280;7,4;182;4,8;3767;2012
Bosa;928;5;2204;12;1097;6;772;4,2;18389;2012
Kennedy;781;4,3;2128;11,7;1083;5,9;770;4,2;18235;2012
Fontibón;262;4;622;9,6;320;4,9;357;5,5;6506;2012
Engativá;500;3,6;1561;11,3;779;5,6;598;4,3;13844;2012
Suba;915;4,3;2407;11,4;1337;6,4;844;4;21045;2012
Barrios Unidos;66;3,8;191;10,9;103;5,9;76;4,4;1747;2012
Teusaquillo;59;4,5;157;12;95;7,2;52;4;1312;2012
Los Mártires;69;3,8;401;21,8;164;8,9;98;5,3;1837;2012
Antonio Nariño;49;4,3;165;14,6;93;8,2;54;4,8;1134;2012
Puente Aranda;200;4,1;501;10,3;275;5,6;220;4,5;4887;2012
Candelaria;72;4,8;261;17,5;117;7,8;62;4,2;1493;2012
Rafael Uribe Uribe;415;6;1114;16,1;588;8,5;337;4,9;6935;2012
Ciudad Bolívar;815;4,5;3144;17,4;1438;8;830;4,6;18029;2012
Sumapaz;18;7,2;54;21,7;28;11,2;30;12;249;2012
Distrito;7003;4,5;21496;13,8;10653;6,8;7214;4,6;156166;2012
Usaquén;339;4;1200;14,2;564;6,7;361;4,3;8433;2013
Chapinero;109;4,5;300;12,4;165;6,8;93;3,8;2421;2013
Santa Fe;173;4;752;17,5;298;6,9;235;5,5;4304;2013
San Cristóbal;615;5,1;1973;16,4;977;8,1;420;3,5;12042;2013
Usme;512;4,3;2063;17,4;850;7,2;624;5,3;11824;2013
Tunjuelito;191;4,5;564;13,2;289;6,8;204;4,8;4273;2013
Bosa;931;4,4;2552;12,1;1167;5,6;883;4,2;21025;2013
Kennedy;1080;4,3;2660;10,7;1434;5,8;1056;4,2;24926;2013
Fontibón;261;4,1;684;10,7;326;5,1;252;4;6365;2013
Engativá;618;3,9;1961;12,4;967;6,1;762;4,8;15844;2013
Suba;991;4,4;2682;11,8;1342;5,9;938;4,1;22662;2013
Barrios Unidos;79;3,8;238;11,6;134;6,5;88;4,3;2057;2013
Teusaquillo;57;3,2;175;9,8;90;5;81;4,5;1790;2013
Los Mártires;81;4,1;308;15,5;138;7;105;5,3;1981;2013
Antonio Nariño;81;5,1;169;10,5;94;5,9;82;5,1;1602;2013
Puente Aranda;281;5,1;566;10,3;346;6,3;218;4;5480;2013
Candelaria;42;3,7;148;13,1;75;6,7;43;3,8;1126;2013
Rafael Uribe Uribe;506;5,8;1222;14;706;8,1;391;4,5;8756;2013
Ciudad Bolívar;654;4,4;2299;15,3;1169;7,8;548;3,6;15023;2013
Sumapaz;4;2,3;47;27,3;16;9,3;17;9,9;172;2013
Distrito;7927;4,5;23187;13,2;11565;6,6;7588;4,3;176230;2013
Usaquén;395;4,9;996;12,4;580;7,2;356;4,4;8045;2014
Chapinero;100;4,1;320;13;151;6,1;106;4,3;2464;2014
Santa Fe;186;4,4;724;17,1;305;7,2;175;4,1;4241;2014
San Cristóbal;554;4,6;1885;15,6;900;7,5;454;3,8;12077;2014
Usme;504;4,5;1872;16,6;813;7,2;587;5,2;11301;2014
Tunjuelito;177;4,1;553;12,9;266;6,2;178;4,2;4282;2014
Bosa;893;4,3;2755;13,3;1280;6,2;953;4,6;20755;2014
Kennedy;1026;4,3;3601;15;1847;7,7;1104;4,6;23932;2014
Fontibón;263;4,1;739;11,5;401;6,3;254;4;6414;2014
Engativá;530;3,5;1823;12,1;877;5,8;668;4,4;15108;2014
Suba;1030;4,5;2566;11,3;1342;5,9;929;4,1;22732;2014
Barrios Unidos;66;3,2;240;11,7;88;4,3;96;4,7;2049;2014
Teusaquillo;55;3,5;149;9,5;75;4,8;63;4;1573;2014
Los Mártires;97;4,6;307;14,7;168;8;95;4,6;2087;2014
Antonio Nariño;55;3,8;155;10,8;76;5,3;57;4;1431;2014
Puente Aranda;206;4,2;561;11,5;282;5,8;214;4,4;4899;2014
Candelaria;40;3,7;149;13,9;61;5,7;41;3,8;1075;2014
Rafael Uribe Uribe;363;4,7;956;12,5;503;6,6;387;5,1;7655;2014
Ciudad Bolívar;601;4,2;2425;16,9;1116;7,8;553;3,9;14316;2014
Sumapaz;1;0,9;17;15,5;3;2,7;12;10,9;110;2014
Distrito;7562;4,4;23728;13,7;11696;6,7;7585;4,4;173516;2014
Usaquén;370;4;1136;12,3;592;6,4;404;4,4;9232;2015
Chapinero;98;3,8;351;13,6;179;6,9;98;3,8;2582;2015
Santa Fe;160;4;661;16,6;294;7,4;177;4,5;3974;2015
San Cristóbal;444;4;1711;15,6;916;8,3;439;4;10983;2015
Usme;392;4,4;1335;14,8;619;6,9;436;4,8;8996;2015
Tunjuelito;184;4,2;575;13,1;280;6,4;189;4,3;4384;2015
Bosa;806;4,2;2532;13,1;1227;6,4;875;4,5;19316;2015
Kennedy;720;3,9;2015;11;1052;5,7;676;3,7;18327;2015
Fontibón;284;4;724;10,1;354;4,9;300;4,2;7159;2015
Engativá;589;3,6;1765;10,7;919;5,5;689;4,2;16559;2015
Suba;698;3,7;2043;10,8;1049;5,5;715;3,8;18922;2015
Barrios Unidos;56;2,6;240;11,1;85;3,9;123;5,7;2165;2015
Teusaquillo;61;3,4;158;8,8;111;6,2;66;3,7;1788;2015
Los Mártires;71;3,6;307;15,4;139;7;105;5,3;2000;2015
Antonio Nariño;45;3,4;180;13,7;101;7,7;42;3,2;1315;2015
Puente Aranda;164;3,9;434;10,2;230;5,4;167;3,9;4243;2015
Candelaria;53;5,5;116;11,9;79;8,1;27;2,8;972;2015
Rafael Uribe Uribe;284;4,9;791;13,6;431;7,4;241;4,1;5832;2015
Ciudad Bolívar;501;3,5;2190;15,4;998;7;596;4,2;14245;2015
Sumapaz;4;3,7;17;15,6;5;4,6;9;8,3;109;2015
Distrito;6313;3,9;20432;12,7;10282;6,4;6710;4,2;161023;2015
Usaquén;313;3,8;1113;13,6;552;6,8;326;4;8170;2016
Chapinero;92;3,6;327;12,9;161;6,4;103;4,1;2533;2016
Santa Fe;111;3,6;478;15,5;208;6,8;109;3,5;3076;2016
San Cristóbal;450;4,6;1727;17,7;835;8,6;396;4,1;9732;2016
Usme;402;4,4;1409;15,5;668;7,4;414;4,6;9086;2016
Tunjuelito;196;4,8;696;17,2;351;8,6;179;4,4;4058;2016
Bosa;594;4,1;1727;11,9;868;6;558;3,9;14489;2016
Kennedy;584;4,3;1496;11,1;818;6,1;519;3,9;13449;2016
Fontibón;220;3,5;597;9,6;309;5;263;4,2;6218;2016
Engativá;489;3,2;1609;10,6;845;5,6;635;4,2;15144;2016
Suba;481;3,4;1548;11,1;814;5,8;536;3,8;13992;2016
Barrios Unidos;66;3,1;220;10,4;97;4,6;90;4,3;2107;2016
Teusaquillo;67;3,7;157;8,7;111;6,2;69;3,8;1797;2016
Los Mártires;53;3,5;207;13,5;101;6,6;59;3,9;1528;2016
Antonio Nariño;52;4;146;11,3;77;6;44;3,4;1292;2016
Puente Aranda;129;4;322;10;180;5,6;121;3,8;3220;2016
Candelaria;32;3,9;102;12,4;62;7,5;29;3,5;824;2016
Rafael Uribe Uribe;263;4,6;748;13,1;399;7;245;4,3;5709;2016
Ciudad Bolívar;671;5,2;2104;16,4;1115;8,7;444;3,5;12823;2016
Sumapaz;7;6;24;20,7;10;8,6;11;9,5;116;2016
Distrito;5468;4,1;17208;12,9;8852;6,7;5313;4;133056;2016
Usaquén;173;2,8;794;12,9;378;6,1;247;4;6164;2017
Chapinero;110;3,7;363;12,3;187;6,3;115;3,9;2951;2017
Santa Fe;149;4,9;465;15,3;232;7,6;95;3,1;3048;2017
San Cristóbal;408;4,3;1727;18,3;805;8,6;383;4,1;9415;2017
Usme;459;4,7;1491;15,3;670;6,9;407;4,2;9726;2017
Tunjuelito;245;3,9;929;14,9;425;6,8;264;4,2;6223;2017
Bosa;578;4,4;1538;11,6;792;6;454;3,4;13211;2017
Kennedy;514;3,9;1470;11,3;772;5,9;479;3,7;13046;2017
Fontibón;153;2,9;507;9,7;255;4,9;211;4,1;5201;2017
Engativá;339;2,7;1338;10,8;641;5,2;506;4,1;12441;2017
Suba;397;3,8;1148;10,9;589;5,6;359;3,4;10545;2017
Barrios Unidos;65;4;165;10,2;87;5,4;74;4,6;1619;2017
Teusaquillo;62;3,6;165;9,6;86;5;58;3,4;1724;2017
Los Mártires;71;4,2;234;13,9;112;6,7;54;3,2;1681;2017
Antonio Nariño;60;4,7;160;12,5;94;7,4;36;2,8;1277;2017
Puente Aranda;118;3,7;298;9,4;156;4,9;131;4,1;3185;2017
Candelaria;42;4,5;119;12,8;49;5,3;43;4,6;929;2017
Rafael Uribe Uribe;240;4,1;904;15,3;460;7,8;198;3,4;5894;2017
Ciudad Bolívar;441;4,8;1325;14,4;604;6,6;372;4,1;9178;2017
Sumapaz;23;4,6;106;21,2;38;7,6;24;4,8;499;2017
Distrito;4724;3,9;15438;12,9;7554;6,3;4588;3,8;119808;2017
Usaquén;247;2,7;1164;12,6;569;6,1;348;3,8;9264;2018
Chapinero;91;2,9;425;13,4;201;6,3;115;3,6;3171;2018
Santa Fe;138;3,4;624;15,2;281;6,9;157;3,8;4098;2018
San Cristóbal;462;4;2050;17,6;951;8,1;476;4,1;11675;2018
Usme;413;3,5;1935;16,2;899;7,5;529;4,4;11941;2018
Tunjuelito;264;3,7;1123;15,6;541;7,5;315;4,4;7213;2018
Bosa;637;3,5;2358;12,9;1128;6,2;685;3,7;18335;2018
Kennedy;835;3,5;2711;11,3;1403;5,9;933;3,9;23936;2018
Fontibón;193;2,8;964;13,9;512;7,4;275;4;6912;2018
Engativá;402;2,5;1736;10,8;823;5,1;656;4,1;16086;2018
Suba;395;2,5;1808;11,3;874;5,5;578;3,6;15937;2018
Barrios Unidos;71;2,9;235;9,8;114;4,7;95;3,9;2410;2018
Teusaquillo;99;3,9;287;11,3;142;5,6;115;4,5;2542;2018
Los Mártires;81;3,7;310;14,1;167;7,6;93;4,2;2195;2018
Antonio Nariño;76;3,6;248;11,8;147;7;82;3,9;2097;2018
Puente Aranda;170;3,4;592;12;310;6,3;222;4,5;4929;2018
Candelaria;64;3,4;248;13;108;5,7;78;4,1;1905;2018
Rafael Uribe Uribe;253;3,2;1165;14,6;567;7,1;323;4;7989;2018
Ciudad Bolívar;642;3,8;2636;15,7;1208;7,2;733;4,4;16742;2018
Sumapaz;8;6,7;20;16,7;14;11,7;12;10;120;2018
Distrito;5549;3,3;22689;13,4;10993;6,5;6826;4;169661;2018
Usaquén;223;2,5;997;11,2;541;6,1;348;3,9;8871;2019
Chapinero;105;3,3;453;14,1;232;7,2;112;3,5;3216;2019
Santa Fe;134;3,9;463;13,6;263;7,7;130;3,8;3409;2019
San Cristóbal;429;3,9;1856;17;902;8,3;371;3,4;10931;2019
Usme;462;3,9;1784;15;856;7,2;467;3,9;11854;2019
Tunjuelito;237;4,5;612;11,6;339;6,4;204;3,9;5271;2019
Bosa;784;3,8;2481;11,9;1337;6,4;768;3,7;20847;2019
Kennedy;956;3,4;2883;10,3;1638;5,8;984;3,5;28087;2019
Fontibón;209;2,6;796;9,8;418;5,1;286;3,5;8161;2019
Engativá;460;2,5;1875;10,4;970;5,4;651;3,6;18106;2019
Suba;466;2,2;2285;10,7;1042;4,9;748;3,5;21435;2019
Barrios Unidos;66;2,3;291;10,3;142;5;104;3,7;2831;2019
Teusaquillo;93;2,7;355;10,2;192;5,5;107;3,1;3476;2019
Los Mártires;93;3,8;324;13,2;181;7,4;107;4,4;2452;2019
Antonio Nariño;66;3,2;238;11,5;130;6,3;63;3;2067;2019
Puente Aranda;214;3,7;667;11,4;346;5,9;229;3,9;5847;2019
Candelaria;86;4,3;260;13;147;7,4;64;3,2;1997;2019
Rafael Uribe Uribe;276;3,2;1197;13,7;618;7,1;319;3,7;8734;2019
Ciudad Bolívar;1022;4,9;3053;14,5;1577;7,5;794;3,8;21053;2019
Sumapaz;11;5,2;44;20,9;13;6,2;16;7,6;211;2019
Distrito;6393;3,4;22924;12,1;11892;6,3;6873;3,6;188899;2019
Usaquén;219;3,5;842;13,3;463;7,3;248;3,9;6338;2020
Chapinero;95;3,4;400;14,4;205;7,4;123;4,4;2775;2020
Santa Fe;183;3,5;872;16,8;456;8,8;251;4,8;5193;2020
San Cristóbal;376;3,7;2005;19,9;995;9,9;497;4,9;10098;2020
Usme;565;4,3;2571;19,8;1124;8,7;748;5,8;12994;2020
Tunjuelito;255;5,1;781;15,5;395;7,8;296;5,9;5041;2020
Bosa;509;3,3;2360;15,2;1094;7,1;805;5,2;15500;2020
Kennedy;721;3,3;2882;13,4;1462;6,8;1079;5;21571;2020
Fontibón;277;4,6;790;13;384;6,3;305;5;6070;2020
Engativá;402;3,3;1601;13;778;6,3;617;5;12337;2020
Suba;451;2,4;2366;12,8;1094;5,9;817;4,4;18424;2020
Barrios Unidos;76;3,1;301;12,3;155;6,3;123;5;2451;2020
Teusaquillo;96;3;424;13,4;215;6,8;143;4,5;3156;2020
Los Mártires;118;4,2;449;16;265;9,4;114;4,1;2812;2020
Antonio Nariño;100;4,1;430;17,5;210;8,5;144;5,9;2458;2020
Puente Aranda;170;3,3;732;14;345;6,6;285;5,5;5222;2020
Candelaria;54;4,1;220;16,6;123;9,3;67;5,1;1324;2020
Rafael Uribe Uribe;399;3,9;1675;16,5;825;8,1;586;5,8;10180;2020
Ciudad Bolívar;1074;4,6;4079;17,5;1787;7,6;1217;5,2;23374;2020
Sumapaz;5;3,2;43;27,6;9;5,8;15;9,6;156;2020
Distrito;6418;3,7;26942;15,5;12978;7,5;8836;5,1;174050;2020
Usaquén;197;2,4;873;10,5;428;5,1;326;3,9;8.354;2021
Chapinero;99;2,9;372;11,1;177;5,3;162;4,8;3.364;2021
Santa Fe;191;3,1;698;11,5;350;5,7;278;4,6;6.090;2021
San Cristóbal;238;2,4;1.293;13;608;6,1;460;4,6;9.955;2021
Usme;320;3,1;1.544;15;702;6,8;497;4,8;10.274;2021
Tunjuelito;153;3,5;492;11,2;242;5,5;242;5,5;4.406;2021
Bosa;542;2,9;2.168;11,7;1.016;5,5;888;4,8;18.476;2021
Kennedy;764;2,9;2.659;10,2;1.302;5;1.205;4,6;26.032;2021
Fontibón;234;2,8;781;9,5;393;4,8;408;5;8.229;2021
Engativá;392;2,5;1.473;9,2;742;4,6;747;4,7;15.998;2021
Suba;643;2,4;2.572;9,5;1.332;4,9;1.016;3,8;27.020;2021
Barrios Unidos;83;2,7;290;9,5;159;5,2;123;4;3.053;2021
Teusaquillo;105;3;323;9,1;164;4,6;133;3,8;3.545;2021
Los Mártires;109;3,3;347;10,4;183;5,5;168;5;3.331;2021
Antonio Nariño;70;3;273;11,6;138;5,9;103;4,4;2.349;2021
Puente Aranda;184;3,2;570;10;271;4,8;276;4,9;5.676;2021
Candelaria;50;3,1;146;9,2;82;5,1;64;4;1.594;2021
Rafael Uribe Uribe;269;2,8;1.125;11,8;533;5,6;424;4,5;9.519;2021
Ciudad Bolívar;633;3;2.624;12,5;1.306;6,2;889;4,2;20.994;2021
Sumapaz;6;2,8;23;10,8;11;5,2;13;6,1;212;2021
Distrito;5395;2,8;20982;13,8;10325;5,4;8521;4,5;191400;2021
Usaquén;209;2,0;1460;13,8;647;6,1;443;4,2;10613;2022
Chapinero;91;2,6;528;14,8;268;7,5;133;3,7;3557;2022
Santa Fe;188;2,7;1020;14,7;483;7;250;3,6;6929;2022
San Cristóbal;297;2,5;1877;15,9;872;7,4;427;3,6;11837;2022
Usme;270;2,2;2015;16,5;896;7,4;493;4;12176;2022
Tunjuelito;98;1,8;683;12,8;313;5,9;214;4;5344;2022
Bosa;555;2,7;3151;15,2;1398;6,8;1130;5,5;20690;2022
Kennedy;845;2,8;4162;13,8;1806;6;1786;5,9;30083;2022
Fontibón;249;2,2;1412;12,3;669;5,8;464;4,1;11436;2022
Engativá;539;2,7;2316;11,5;1190;5,9;704;3,5;20161;2022
Suba;660;2,2;3581;12,1;1822;6,2;917;3,1;29604;2022
Barrios Unidos;70;2,0;509;14,3;239;6,7;118;3,3;3566;2022
Teusaquillo;88;2,3;450;11,7;217;5,7;142;3,7;3834;2022
Los Mártires;86;2,2;539;13,5;255;6,4;149;3,7;3979;2022
Antonio Nariño;51;1,9;340;12,7;166;6,2;113;4,2;2683;2022
Puente Aranda;172;2,2;1015;12,9;417;5,3;371;4,7;7888;2022
Candelaria;43;2,2;258;13,5;128;6,7;68;3,6;1915;2022
Rafael Uribe Uribe;274;2,3;1594;13,5;758;6,4;460;3,9;11776;2022
Ciudad Bolívar;478;2,0;3852;15,7;1602;6,5;978;4;24466;2022
Sumapaz;9;3,5;32;12,5;21;8,2;10;3,9;257;2022
Distrito;5564;2,4;32418;13,8;14907;6,4;9926;4,2;234410;2022
Usaquén;183;1,8;1480;14,7;662;6,6;352;3,5;10100;2023
Chapinero;77;1,9;675;16,5;278;6,8;134;3,3;4092;2023
Santa Fe;131;1,8;1081;15,3;463;6,5;261;3,7;7082;2023
San Cristóbal;202;1,7;2037;17,3;821;7,0;393;3,3;11793;2023
Usme;197;1,5;2429;18,9;919;7,1;434;3,4;12860;2023
Tunjuelito;76;1,4;780;14,3;316;5,8;189;3,5;5453;2023
Bosa;454;2,0;3520;15,5;1400;6,2;887;3,9;22706;2023
Kennedy;609;1,9;4681;14,3;1923;5,9;1230;3,7;32841;2023
Fontibón;171;1,6;1331;12,2;538;4,9;374;3,4;10890;2023
Engativá;409;1,9;2750;12,8;1275;5,9;710;3,3;21568;2023
Suba;571;2,0;3777;13,1;1785;6,2;885;3,1;28821;2023
Barrios Unidos;68;1,8;497;12,9;225;5,8;126;3,3;3853;2023
Teusaquillo;74;1,6;622;13,6;251;5,5;166;3,6;4580;2023
Los Mártires;84;2,0;673;16,1;285;6,8;160;3,8;4174;2023
Antonio Nariño;58;1,8;476;14,9;198;6,2;116;3,6;3204;2023
Puente Aranda;157;2,3;959;13,8;377;5,4;289;4,1;6966;2023
Candelaria;35;1,8;285;14,3;126;6,3;66;3,3;1993;2023
Rafael Uribe Uribe;181;1,5;1868;15,4;786;6,5;419;3,4;12148;2023
Ciudad Bolívar;396;1,5;4523;17,1;1839;7,0;860;3,3;26429;2023
Sumapaz;0;0,0;21;15,8;8;6,0;4;3,0;133;2023
Distrito;4372;1,8;36519;14,9;15419;6,3;8452;3,5;244783;2023
;;;;;;;;;;
